{
  "hash": "b1b8ac61",
  "configHash": "c51f6fd8",
  "lockfileHash": "2cf9f0d4",
  "browserHash": "5fd31a4a",
  "optimized": {
    "@angular/core": {
      "src": "../../../../../../node_modules/@angular/core/fesm2022/core.mjs",
      "file": "@angular_core.js",
      "fileHash": "f30a375d",
      "needsInterop": false
    },
    "@angular/platform-browser": {
      "src": "../../../../../../node_modules/@angular/platform-browser/fesm2022/platform-browser.mjs",
      "file": "@angular_platform-browser.js",
      "fileHash": "0271f818",
      "needsInterop": false
    },
    "@angular/router": {
      "src": "../../../../../../node_modules/@angular/router/fesm2022/router.mjs",
      "file": "@angular_router.js",
      "fileHash": "c223eac8",
      "needsInterop": false
    },
    "@angular/common": {
      "src": "../../../../../../node_modules/@angular/common/fesm2022/common.mjs",
      "file": "@angular_common.js",
      "fileHash": "64441450",
      "needsInterop": false
    },
    "@angular/forms": {
      "src": "../../../../../../node_modules/@angular/forms/fesm2022/forms.mjs",
      "file": "@angular_forms.js",
      "fileHash": "0a0504b1",
      "needsInterop": false
    }
  },
  "chunks": {
    "chunk-5OPZPMAB": {
      "file": "chunk-5OPZPMAB.js"
    },
    "chunk-I3C46P22": {
      "file": "chunk-I3C46P22.js"
    },
    "chunk-LKBYGJ3F": {
      "file": "chunk-LKBYGJ3F.js"
    }
  }
}